categoria_evento	città	via	data_creazione	descrizione	data_pubblicazione	email	inizio	fine	immagine	desc_img	data_ultima_modifica	nome_sede	orari	patrocinato_da	prezzo	reperibilita	telefono	nome	extrainfo	web	giornata_intera	cap	pagina_web	latitudine	longitudine
Mostre	Modena	Largo Porta S.Agostino, 337	2021-05-25T13:19:14+00:00	Mostra sulla riscoperta della raccolta del Paleolitico francese del Museo Civico di Modena	2021-05-25T13:24:04+00:00	museocivico@comune.modena.it	2021-05-15T13:00:00+00:00	2022-06-19T14:00:00+00:00	https://www.comune.modena.it/api/novita/eventi/primordi/@@images/1b0ed109-3d3b-4775-8ae3-add6e0f1d15c.jpeg		2021-08-31T13:28:15+00:00	Museo civico di Modena	Dal martedì al venerdì ore 9.00-12.00  sabato, domenica e festivi ore 10 – 19 		Ingresso gratuito con accesso contingentato, si consiglia la prenotazione  		059 2033100	Primordi		https://www.museocivicomodena.it	False	41121	https://www.comune.modena.it/novita/eventi/primordi	44.64832251199191	10.920876975440427
Mostre	Modena	corso Canalgrnde, 103	2021-09-09T10:12:02+00:00		2021-09-09T10:12:26+00:00	info@fmav.org	2022-03-04T11:00:00+00:00	2022-06-05T11:00:00+00:00	https://www.comune.modena.it/api/novita/eventi/2022/le-avventure-di-aldo-archivi-come-connessione-di-tempi/@@images/bcf3640a-ee81-4ced-86fc-bace3c7c0a72.jpeg		2022-02-18T11:38:39+00:00	FMAV - Palazzo Santa Margherita	Da mercoledì a venerdì ore 11-19 		biglietto intero 6 € / ridotto 4 € (Circuito Vivaticket)   Biglietto cumulativo: DecompressedPrism + Le avventure di Aldo + Strade: 12 €  ingresso libero ogni mercoledì  		In orario di mostra: Palazzo Santa Margherita 059 2033166	Le avventure di Aldo. Archivi come connessione di tempi		https://www.fmav.org	False	41121	https://www.comune.modena.it/novita/eventi/2022/le-avventure-di-aldo-archivi-come-connessione-di-tempi	44.64582	10.92572
Mostre	Modena	corso Canalgrnde, 103	2021-09-09T10:12:02+00:00		2021-09-09T10:12:26+00:00	info@fmav.org	2022-03-04T11:00:00+00:00	2022-06-05T11:00:00+00:00	https://www.comune.modena.it/api/novita/eventi/2022/salvatore-vitale-decompressed-prism/@@images/82b90fe6-3299-447e-bd81-4d29ec1b24ab.jpeg		2022-02-18T11:39:35+00:00	FMAV - Palazzo Santa Margherita	Da mercoledì a venerdì ore 11-19 		biglietto intero 6 € / ridotto 4 € (Circuito Vivaticket)   Biglietto cumulativo: DecompressedPrism + Le avventure di Aldo + Strade: 12 €    		In orario di mostra: Palazzo Santa Margherita 059 2032919	Salvatore Vitale. Decompressed Prism		https://www.fmav.org	False	41121	https://www.comune.modena.it/novita/eventi/2022/salvatore-vitale-decompressed-prism	44.64582	10.92572
Mostre	Modena	Largo Porta Sant’Agostino, 337	2022-03-19T08:51:24+00:00	I santi eremiti della Galleria Estense e della Certosa di Pavia	2022-03-19T08:58:42+00:00	ga-esten@beniculturali.it	2022-03-25T08:00:00+00:00	2022-06-26T08:00:00+00:00	https://www.comune.modena.it/api/novita/eventi/2022/copy_of_indagini-intorno-a-giovanni-serodine-1600-1630/@@images/237f2251-5f65-4381-a52c-de34e5f41042.jpeg		2022-05-06T07:36:05+00:00	Galleria Estense	dal martedì al sabato 8.30 – 19.30  domenica e festivi 10 – 18  chiuso martedì 19 aprile 2022 				059 4395711	Indagini intorno a Giovanni Serodine (1600-1630)		https://gallerie-estensi.beniculturali.it/	False		https://www.comune.modena.it/novita/eventi/2022/copy_of_indagini-intorno-a-giovanni-serodine-1600-1630	44.64582	10.92572
Altri eventi,Conferenze, Seminari, Incontri e Lezioni	-		2021-03-09T12:21:19+00:00	I giardini amici delle api, webinair gratuiti realizzati da Conapi e Centro Agricoltura Ambiente	2022-03-23T09:21:00+00:00		2022-04-28T16:30:00+00:00	2022-05-26T17:30:00+00:00	https://www.comune.modena.it/api/novita/eventi/2022/tutela-delle-api-e-di-altri-insetti-utili-nella-gestione-del-verde-ornamentale-incontri-online/@@images/bbf47b6d-7bdb-4991-b1b0-7a578ad1f864.jpeg	Photo by Aaron Burden on Unsplash	2022-04-20T07:57:50+00:00	Sulla pagina Facebook di Conapi	ore 18.30 		gratuito 			Tutela delle api e di altri insetti utili nella gestione del verde ornamentale - Incontri online		https://it-it.facebook.com/conapiconsorzioapicoltori/	False		https://www.comune.modena.it/novita/eventi/2022/tutela-delle-api-e-di-altri-insetti-utili-nella-gestione-del-verde-ornamentale-incontri-online	44.64582	10.92572
Mostre	Modena	Largo Porta Sant’Agostino, 337	2022-03-19T08:51:24+00:00		2022-03-19T08:58:42+00:00	ga-esten@beniculturali.it	2022-05-06T07:00:00+00:00	2022-11-06T09:00:00+00:00	https://www.comune.modena.it/api/novita/eventi/2022/tra-acqua-e-vento-un-modello-di-bernini-ospite-in-galleria-estense/@@images/6c7215e9-a330-4fd7-b565-c383e5da0d06.jpeg		2022-05-06T08:01:39+00:00	Galleria Estense	da martedì a sabato 8.30 – 19.30  domenica e festivi 10.00 – 18.00 				059 4395711	Tra acqua e vento. Un modello di Bernini ospite in Galleria Estense		https://gallerie-estensi.beniculturali.it/	False		https://www.comune.modena.it/novita/eventi/2022/tra-acqua-e-vento-un-modello-di-bernini-ospite-in-galleria-estense	44.64582	10.92572
Spettacoli,Teatro	Modena	Viale Caduti in Guerra, 196	2020-09-17T12:45:54+00:00	Gli spettacoli di ERT al Teatro Tempio	2014-09-30T12:50:00+00:00	info@emiliaromagnateatro.com	2022-05-09T22:00:00+00:00	2022-05-22T21:55:00+00:00	https://www.comune.modena.it/api/novita/eventi/2022/blind-love/@@images/99ddeabc-7c6c-40a5-8cfd-0b3cca9f4b60.jpeg		2022-03-15T11:09:10+00:00	Teatro Tempio	Dal 10 al 13 e dal 17 al 20 maggio ore 16 		A pagamento, vedi nel testo le info per l'acquisto dei biglietti. 		059/2163021	Blind Love		http://www.emiliaromagnateatro.com	False		https://www.comune.modena.it/novita/eventi/2022/blind-love	44.64381951149482	10.93139345085676
Mostre	Modena		2022-05-03T07:47:18+00:00	Esposizione interattiva	2022-05-03T07:47:41+00:00		2022-05-13T07:00:00+00:00	2022-09-20T08:00:00+00:00	https://www.comune.modena.it/api/novita/eventi/2022/illusion-niente-e-come-sembra/@@images/a90fcc28-9ba2-432e-b6a7-7e1aa65d6d93.jpeg	"Installazione ""DELICATE BOUNDARIES di Chris Sugrue (US)"	2022-05-13T14:22:43+00:00	Nuovo Diurno (piazza Mazzini) e Laboratorio Aperto (viale Buon Pastore, 43)	Laboratorio aperto, viale Buon Pastore 43: dal lunedì al  venerdì, dalle 10 alle 13 e dalle 14 alle 18  Ex-Diurno, Piazza Mazzini: dal martedì alla domenica dalle 9 alle 20 Inaugurazione venerdì 13 maggio e apertura al pubblico dalle ore 16 presso il Nuovo Diurno  					Illusion: niente è come sembra			False		https://www.comune.modena.it/novita/eventi/2022/illusion-niente-e-come-sembra	44.64582	10.92572
Mostre	Modena	corso Canalgrande, 103	2022-05-09T09:20:03+00:00	Mostra delle tavole originali di Rocco Lombardi	2022-05-09T09:20:10+00:00		2022-05-13T09:00:00+00:00	2022-06-25T10:00:00+00:00	https://www.comune.modena.it/api/novita/eventi/2022/cera-una-taiga-cera-un-incendio/@@images/ee309d65-a044-4f9f-9654-b7cd4cf48471.jpeg		2022-05-09T09:21:01+00:00	Biblioteca Delfini	Venerdì 13 maggio, inaugurazione ore 18. Dal 14 maggio: lunedì 14:30-20:00  					C'era un incendio			False		https://www.comune.modena.it/novita/eventi/2022/cera-una-taiga-cera-un-incendio	44.64582	10.92572
Altri eventi,Iniziative per bambini	Modena	vedi nel progrmma	2022-05-10T14:23:08+00:00		2022-05-10T14:24:19+00:00		2022-05-13T14:00:00+00:00	2022-05-22T15:00:00+00:00	https://www.comune.modena.it/api/novita/eventi/2022/play-il-festival-del-gioco-invade-la-citta/@@images/eee0d3a9-1ac0-405a-8f9d-4a66d8ce7269.jpeg		2022-05-10T14:24:19+00:00	Sedi varie	vedi orari dettagliati nel programma sul sito: www.play-modena.it/2022/extra/fuori-salone 					Play, il Festival del Gioco invade la città			False		https://www.comune.modena.it/novita/eventi/2022/play-il-festival-del-gioco-invade-la-citta	44.64582	10.92572
Altri eventi,Iniziative per bambini	Modena	vari comuni della provincia di Modena	2022-05-11T07:42:11+00:00	Iniziative promosse dal Consorzio della Bonifica Burana 	2022-05-11T07:42:44+00:00		2022-05-14T07:00:00+00:00	2022-05-22T08:00:00+00:00	https://www.comune.modena.it/api/novita/eventi/2022/settimana-della-bonifica-2022/@@images/987f2701-16f4-4622-88e8-eed105c45006.jpeg		2022-05-11T07:42:44+00:00	Sedi diverse	vedi sul programma 					Settimana della Bonifica 2022			False		https://www.comune.modena.it/novita/eventi/2022/settimana-della-bonifica-2022	44.64582	10.92572
Mostre	Modena	piazza Grande, 17	2022-05-14T08:53:22+00:00		2022-05-14T08:53:32+00:00		2022-05-14T08:00:00+00:00	2022-06-03T09:00:00+00:00	https://www.comune.modena.it/api/novita/eventi/2022/lue-zona-di-liberta-lgbtiq/@@images/3cc471ca-e6d6-43a6-b1cd-10e277757659.jpeg		2022-05-14T08:54:11+00:00	Galleria Europa	lunedì e giovedì 9.00–13.00   					L'UE zona di libertà LGBTIQ			False		https://www.comune.modena.it/novita/eventi/2022/lue-zona-di-liberta-lgbtiq	44.64582	10.92572
Mostre	Modena	via Selmi, 63	2022-05-13T10:35:21+00:00		2022-05-13T10:35:30+00:00		2022-05-14T10:00:00+00:00	2022-06-19T11:00:00+00:00	https://www.comune.modena.it/api/novita/eventi/2022/dalle-cose-altri-miraggi-i-collage-di-gianni-valbonesi/@@images/2017dd44-6be2-4497-a46b-9005dcca2629.jpeg		2022-05-16T15:32:17+00:00	Complesso San Paolo	Il venerdì 16-20. Sabato 14 maggio, in occasione della Notte Europea dei Musei, e sabato 18 giugno, per la Festa della musica, l’apertura sarà prolungata fino alle 22.30 					Dalle cose altri miraggi - I collage di Gianni Valbonesi			False		https://www.comune.modena.it/novita/eventi/2022/dalle-cose-altri-miraggi-i-collage-di-gianni-valbonesi	44.64582	10.92572
Altri eventi,Iniziative per bambini	Modena	corso Canalgrande, 103	2022-05-16T11:26:18+00:00	Una settimana di giochi per tutti 	2022-05-16T11:54:34+00:00		2022-05-14T11:00:00+00:00	2022-05-22T12:00:00+00:00	https://www.comune.modena.it/api/novita/eventi/2022/play-in-biblioteca/@@images/369b0f2b-46b3-4814-a7b5-d29bf0428db1.jpeg		2022-05-16T11:55:19+00:00	Biblioteca Delfini	vedi orari nel programma 					Play in Biblioteca			False		https://www.comune.modena.it/novita/eventi/2022/play-in-biblioteca	44.64582	10.92572
Fiere, Esposizioni e Mostre Mercato,Mercati	Modena	via Pio la Torre, 61	2022-03-09T08:45:48+00:00		2022-03-09T08:46:01+00:00		2022-05-01T07:00:00+00:00	2022-05-29T08:00:00+00:00	https://www.comune.modena.it/api/novita/eventi/2022/copy2_of_le-bancarelle-mercatino-delle-pulci/@@images/a63ccccb-06ba-46bd-91d1-d91429409bf3.jpeg		2022-03-09T10:40:46+00:00	Polivalente 87 & Gino Pini	Domenica dalle ore 9 alle 13 					Le bancarelle - Mercatino delle pulci		https://www.facebook.com/littlemarketitalia/	False		https://www.comune.modena.it/novita/eventi/2022/copy2_of_le-bancarelle-mercatino-delle-pulci	44.64582	10.92572
Mostre	Modena	via L.A. Vincenzi, 2 angolo viale A.Tassoni, 6	2022-05-19T08:37:40+00:00	Personale di Michele Ferri	2022-05-19T08:38:52+00:00	info@accademia-adac.it	2022-05-20T08:00:00+00:00	2022-06-18T09:00:00+00:00	https://www.comune.modena.it/api/novita/eventi/2022/cacciacuore/@@images/c3becf44-09a6-448b-9405-846c99156b8c.jpeg		2022-05-19T08:38:52+00:00	Adac - Accademia delle arti creative	inaugurazione venerdì 20 maggio ore 19. Orari mostra: dal lunedì al venerdì ore 10-18.30  		ingresso libero 		328 5366455	Cacciacuore		https://accademia-adac.it	False		https://www.comune.modena.it/novita/eventi/2022/cacciacuore	44.64582	10.92572
Altri eventi,Conferenze, Seminari, Incontri e Lezioni	Modena		2022-05-16T10:34:25+00:00	Modena, Carpi, Sassuolo e Pavullo	2022-05-16T10:34:31+00:00		2022-05-20T10:00:00+00:00	2022-05-22T11:00:00+00:00	https://www.comune.modena.it/api/novita/eventi/2022/festival-della-giustizia-penale/@@images/40198344-ff76-4bdc-ae0b-c3b7e10f4698.jpeg		2022-05-20T09:09:44+00:00	sedi varie	vedi orari sul sito https://festivalgiustiziapenale.it/ 					Festival della Giustizia penale			False		https://www.comune.modena.it/novita/eventi/2022/festival-della-giustizia-penale	44.64582	10.92572
Altri eventi,Iniziative per bambini,Fiere, Esposizioni e Mostre Mercato	Modena	viale Virgilio 70/90	2022-05-10T13:52:37+00:00		2022-05-10T13:52:44+00:00		2022-05-20T13:00:00+00:00	2022-05-22T14:00:00+00:00	https://www.comune.modena.it/api/novita/eventi/2022/play-il-festival-del-gioco/@@images/8c385b43-2d4e-4ed9-9d91-52bb1d660dd7.jpeg		2022-05-10T13:52:44+00:00	Modena Fiere	Venerdì 20 sabato 21 maggio dalle 9 alle 19  					Play, il Festival del Gioco			False		https://www.comune.modena.it/novita/eventi/2022/play-il-festival-del-gioco	44.64582	10.92572
Fiere, Esposizioni e Mostre Mercato,Mercati	Modena	Centro storico	2021-06-10T16:47:55+00:00	Manifestazione di antiquariato 	2021-06-10T16:48:45+00:00	anticoinpiazzagrande@gmail.com	2022-05-21T16:00:00+00:00	2022-05-22T17:00:00+00:00	https://www.comune.modena.it/api/novita/eventi/2022/copy8_of_lantico-in-piazza-grande/@@images/358a5eed-57bb-4625-9a7b-d5b57c42d0c7.jpeg	Immagine presa dal sito della manifestazione L'antico in Piazza Grande	2022-05-06T10:17:43+00:00	Piazza Grande, Corso Duomo, Piazza Torre, Piazza XX Settembre	dalle ore 9.00 				340 6059686 oppure 338 2098995	L'antico in Piazza Grande		https://www.anticoinpiazzagrande.com/	False		https://www.comune.modena.it/novita/eventi/2022/copy8_of_lantico-in-piazza-grande	44.64582	10.92572
Altri eventi	Modena	via degli Adelardi, 4	2021-04-28T06:30:25+00:00	Proiezione del film di Julie Lecoustre e Emmanuel Marre 	2021-04-28T06:30:52+00:00		2022-05-20T06:00:00+00:00	2022-05-22T06:44:31+00:00	https://www.comune.modena.it/api/novita/eventi/2022/copy3_of_generazione-low-cost/@@images/1579947d-4864-4d03-a998-738d596a1601.jpeg	Immagine della locandina del film	2022-05-16T15:14:47+00:00	Sala Truffaut	venerdì ore 21.15  domenica ore 20.45 				059 236288	Generazione low cost		https://www.circuitocinema.mo.it/sala-truffaut/	False	41121	https://www.comune.modena.it/novita/eventi/2022/copy3_of_generazione-low-cost	44.6456499931615	10.921599972490952
Altri eventi	Modena		2021-09-29T07:24:39+00:00	Manifestazione di degustazione enogastronomica 	2021-09-29T07:24:47+00:00		2022-05-22T06:00:00+00:00	2022-05-22T07:00:00+00:00	https://www.comune.modena.it/api/novita/eventi/2022/stuzzicagente/@@images/f1fe0df0-4e7f-40f5-bd99-147956336651.jpeg		2022-05-11T09:12:19+00:00	Diversi locali del Centro storico	Dalle ore 18.30 					Stuzzicagente			False		https://www.comune.modena.it/novita/eventi/2022/stuzzicagente	44.64582	10.92572
Mostre	Modena	strada Canaletto sud 21, all’interno 211	2022-05-13T07:36:11+00:00	Il Collettivo MaBo porta la sua installazione fotografica nei corridoi dell’R-Nord	2022-05-13T07:36:18+00:00		2022-05-14T07:00:00+00:00	2022-05-22T08:00:00+00:00	https://www.comune.modena.it/api/novita/eventi/2022/nel-palazzo-che-vedi-dal-ponte/@@images/29fe4ac5-ee5a-408e-81c9-67aca2d6c93c.jpeg		2022-05-13T07:54:46+00:00	R-Nord palazzo di strada Canaletto sud 21, all’interno 211.	sabato 14 e sabato 21 maggio ore 11-13 e 16-20 					Nel palazzo che vedi dal ponte			False		https://www.comune.modena.it/novita/eventi/2022/nel-palazzo-che-vedi-dal-ponte	44.64582	10.92572
Conferenze, Seminari, Incontri e Lezioni,Altri eventi,Iniziative per bambini	Modena	Viale Jacopo Barozzi, 31	2021-05-13T08:16:32+00:00	Conferenze, eventi per famiglie, serate speciali e visite guidate	2021-05-13T08:16:59+00:00	info@planetariodimodena.it	2022-05-22T07:00:00+00:00	2022-05-29T09:11:35+00:00	https://www.comune.modena.it/api/novita/eventi/2022/copy7_of_le-iniziative-al-planetario/@@images/bce50dab-bfa1-40ef-9085-04f7bab6d51d.jpeg	Immagine del pianeta Terra - da unsplash.com	2022-05-17T08:44:09+00:00	Civico Planetario	domenica 22 e domenica 29 maggio ore 21 		a pagamento  vedi costo del biglietto nel programma o sul sito del Planetario: www.planetariodimodena.it  		059 224726	Le iniziative al Planetario		https://www.planetariodimodena.it	False		https://www.comune.modena.it/novita/eventi/2022/copy7_of_le-iniziative-al-planetario	44.64907001920466	10.917829960080724
Visite guidate,Iniziative per bambini	Modena	Via Canaletto Sud, 17/A	2022-03-31T08:53:45+00:00	Visita guidata al museolaboratorio per adulti e bambini dai 3 anni in su	2022-03-31T08:55:39+00:00		2022-05-22T08:00:00+00:00	2022-05-22T09:00:00+00:00	https://www.comune.modena.it/api/novita/eventi/2022/copy_of_quale-percussione-museolaboratorio/@@images/5afe4865-09fa-4ce7-b53f-e3b6f2addf12.jpeg		2022-03-31T08:56:32+00:00	Museolaboratorio Quale percussione? presso Condominio ErreNord	La visita si svolge nei seguenti orari a scelta: dalle 15 alle 16.30 oppure dalle 17 alle 18.30   					Quale percussione? - Museolaboratorio			False		https://www.comune.modena.it/novita/eventi/2022/copy_of_quale-percussione-museolaboratorio	44.64582	10.92572
Visite guidate	Modena	centro storico	2022-04-29T10:05:46+00:00	Visite straordinarie, dalle 19 alle 22, il venerdì, sabato e domenica, dal 1 maggio al 17 luglio.	2022-04-29T10:06:04+00:00		2022-05-01T09:00:00+00:00	2022-07-17T10:00:00+00:00	https://www.comune.modena.it/api/novita/eventi/2022/torre-ghirlandina-aperture-serali/@@images/bfdf71f9-ed36-4565-8549-0084dd664317.jpeg	Torre Ghirlandina	2022-04-29T10:06:04+00:00	Piazza Torre	Dal 1 maggio al 17 luglio: tutti i venerdì, sabato e domenica dalle 19 alle 22  					Torre Ghirlandina, aperture serali			False		https://www.comune.modena.it/novita/eventi/2022/torre-ghirlandina-aperture-serali	44.64582	10.92572
Spettacoli,Altri eventi	Modena	corso Canalgrande, 85	2022-05-18T09:34:56+00:00	Spettacolo di danza	2022-05-18T09:35:07+00:00		2022-05-22T09:00:00+00:00	2022-05-22T10:00:00+00:00	https://www.comune.modena.it/api/novita/eventi/2022/ri-e-voluzioni-novecento-oggetti-in-movimento/@@images/8ca9285b-06aa-4ed0-8f40-a70203f7b072.jpeg		2022-05-18T09:35:07+00:00	Teatro comunale Pavarotti-Freni	ore 21 - ingresso dalle ore 20.15 		Ingresso libero e gratuito 			Ri(e)voluzioni Novecento. Oggetti in movimento			False		https://www.comune.modena.it/novita/eventi/2022/ri-e-voluzioni-novecento-oggetti-in-movimento	44.64582	10.92572
Altri eventi,Manifestazioni sportive			2022-05-09T09:32:31+00:00		2022-05-09T09:33:52+00:00		2022-05-22T09:00:00+00:00	2022-05-22T10:00:00+00:00	https://www.comune.modena.it/api/novita/eventi/2022/camminata-dei-9-parchi/@@images/468fbe98-7d96-4478-a2d5-65f81ca09f47.jpeg		2022-05-09T09:35:05+00:00		Ritrovo ore 8.30 presso Novi Park 					Camminata dei 9 parchi			False		https://www.comune.modena.it/novita/eventi/2022/camminata-dei-9-parchi	44.64582	10.92572
Spettacoli,Altri eventi	Modena	Piazza Cittadella , 11	2022-05-06T10:38:26+00:00	Spettacolo teatrale in lingua inglese	2022-05-06T10:40:38+00:00		2022-05-22T10:00:00+00:00	2022-05-22T11:00:00+00:00	https://www.comune.modena.it/api/novita/eventi/2022/canterville/@@images/a7c7f385-58ea-43a6-8e6c-f76ee61ccc64.jpeg		2022-05-19T10:44:26+00:00	Teatro Cittadella	ore 19.00 					Canterville			False		https://www.comune.modena.it/novita/eventi/2022/canterville	44.64582	10.92572
Altri eventi,Iniziative per bambini,Visite guidate	Montale Rangone	Via Vandelli (Statale 12 – Nuova Estense)	2021-04-26T15:03:43+00:00	Riapertura al pubblico tutte le domeniche e festivi dal 3 aprile al 19 giugno 2022	2021-04-26T15:06:06+00:00	museo@parcomontale.it	2022-04-03T14:00:00+00:00	2022-06-19T15:00:00+00:00	https://www.comune.modena.it/api/novita/eventi/2022/parco-archeologico-della-terramara-di-montale/@@images/f7d0a110-c97e-4787-b356-c6a2116576e3.jpeg	Parco archeologico della Terramara di Montale	2022-03-28T14:43:35+00:00	Parco archeologico della Terramara di Montale	Il Parco è aperto dal 3 aprile al 19 giugno, tutte le domeniche e nei giorni festivi di lunedì 18 aprile, lunedì 25 aprile e giovedì 2 giugno 		7 euro intero, ridotto 5 euro dai 65 anni  riduzione del 50% ai possessori della fidelity card del Parco 		Per informazioni e prenotazioni: tel. 335 8136948 dalle 9 alle 13 oppure 059 532020 negli orari di apertura del Parco	Parco archeologico della Terramara di Montale		http://www.parcomontale.it/it	False	41050	https://www.comune.modena.it/novita/eventi/2022/parco-archeologico-della-terramara-di-montale	44.64582	10.92572
Conferenze, Seminari, Incontri e Lezioni	Modena	Via San Carlo, 5	2022-05-11T10:57:24+00:00	Seminario in presenza e anche online	2022-05-11T10:57:31+00:00		2022-05-23T10:00:00+00:00	2022-05-23T11:00:00+00:00	https://www.comune.modena.it/api/novita/eventi/2022/ripensare-la-scuola-sergio-neri-e-il-tempo-pieno/@@images/ab73114a-4698-40cd-a91c-939e7c30f450.jpeg		2022-05-12T12:39:29+00:00	Sala conferenze Fondazione San Carlo	dalle ore 15.30 alle 18.30 					Ripensare la scuola: Sergio Neri e il tempo pieno			False		https://www.comune.modena.it/novita/eventi/2022/ripensare-la-scuola-sergio-neri-e-il-tempo-pieno	44.64582	10.92572
Altri eventi,Mercati	Modena	Ingresso da viale Berengario	2020-12-29T15:02:32+00:00		2020-12-29T15:05:00+00:00		2022-01-03T14:00:00+00:00	2022-12-26T14:59:00+00:00	https://www.comune.modena.it/api/novita/eventi/2022/mercato-settimanale-del-lunedi-1/@@images/44cdb524-15a5-405b-89af-f9e36f3adeb6.jpeg		2021-12-28T10:39:07+00:00	Parco Novi Sad	il lunedì dalle ore 8 alle 14 					Mercato settimanale del lunedì		http://www.consorzioilmercato.com/	False	41121	https://www.comune.modena.it/novita/eventi/2022/mercato-settimanale-del-lunedi-1	44.64582	10.92572
Musica,Spettacoli,Concerti	Modena	Corso Canalgrande, 85	2021-10-04T15:31:48+00:00	Stagione sinfonica del Teatro comunale Pavarotti-Freni	2021-10-04T15:31:55+00:00	info@teatrocomunalemodena.it	2022-05-24T15:00:00+00:00	2022-05-24T16:00:00+00:00	https://www.comune.modena.it/api/novita/eventi/2022/spira-mirabilis/@@images/d03f1ad6-ae7f-40b6-908c-bad72cf37db9.jpeg		2022-05-21T07:28:23+00:00	Teatro comunale Pavarotti-Freni	Alle ore 20.30 				059 2033010	Spira Mirabilis		https://teatrocomunalemodena.it/	False		https://www.comune.modena.it/novita/eventi/2022/spira-mirabilis	44.64582	10.92572
Altri eventi,Musica	Modena	Centro storico	2022-05-20T10:02:04+00:00	Rassegna musicale nella suggestiva piazzetta della Pomposa	2022-05-20T10:02:34+00:00		2022-05-12T09:00:00+00:00	2022-06-30T10:00:00+00:00	https://www.comune.modena.it/api/novita/eventi/2022/serate-in-pomposa-1deg-edizione/@@images/90c7f1e5-b97b-4472-866b-68e21ff4b305.jpeg		2022-05-20T10:02:34+00:00	Piazzetta Pomposa	tutti i mercoledì e giovedì, dalle ore 18.30 					Serate in Pomposa - 1° edizione			False		https://www.comune.modena.it/novita/eventi/2022/serate-in-pomposa-1deg-edizione	44.64582	10.92572
Iniziative per bambini	Modena		2021-05-18T13:18:17+00:00	Quattro iniziative rivolte a bambini e famiglie	2021-05-18T13:19:13+00:00	info@modenamoremio.it	2022-05-04T13:00:00+00:00	2022-05-25T14:00:00+00:00	https://www.comune.modena.it/api/novita/eventi/2022/i-mercoledi-di-maggio/@@images/9dabb3cb-8df7-4a66-a959-2d9e8db832a9.jpeg		2022-04-22T13:36:36+00:00	Piazze del centro storico, vedi nel programma	mercoledì 4, 11, 18 e 25 maggio alle ore 17.00 				340 2884443	I mercoledì di maggio		www.modenamoremio.it	False	41121	https://www.comune.modena.it/novita/eventi/2022/i-mercoledi-di-maggio	44.64582	10.92572
Altri eventi,Fiere, Esposizioni e Mostre Mercato,Manifestazioni sportive			2022-05-17T09:05:44+00:00	Esibizioni, incontri tematici, esposizioni di auto sono in programma dal 26 al 29 maggio	2022-05-17T09:05:52+00:00		2022-05-26T08:00:00+00:00	2022-05-29T09:00:00+00:00	https://www.comune.modena.it/api/novita/eventi/2022/motor-valley-fest-quarta-edizione/@@images/b4ee995e-3238-4045-932b-c7b1819db8ce.jpeg		2022-05-17T09:05:52+00:00		vedi orari nel programma: motorvalley.it/motorvalleyfest 					Motor Valley Fest - Quarta edizione			False		https://www.comune.modena.it/novita/eventi/2022/motor-valley-fest-quarta-edizione	44.64582	10.92572
Conferenze, Seminari, Incontri e Lezioni	Modena	Corso Canalgrande, 103	2022-05-05T08:41:26+00:00	Appuntamenti letterari al femminile	2022-05-05T09:23:17+00:00		2022-05-07T07:00:00+00:00	2022-05-28T08:00:00+00:00	https://www.comune.modena.it/api/novita/eventi/2022/scrittrici-inchiostro/@@images/318772ef-8170-4984-9e11-f2516c109708.jpeg		2022-05-05T09:23:17+00:00	Chiostro di Palazzo Santa Margherita	i sabati di maggio alle ore 18 					Scrittrici inChiostro			False		https://www.comune.modena.it/novita/eventi/2022/scrittrici-inchiostro	44.64582	10.92572
Altri eventi,Iniziative per bambini	Modena	via Selmi, 63	2022-05-17T07:24:22+00:00		2022-05-17T07:25:56+00:00		2022-05-28T07:00:00+00:00	2022-06-11T08:00:00+00:00	https://www.comune.modena.it/api/novita/eventi/2022/copy_of_laboratori-artistici-in-occasione-della-mostra-dedicata-a-gianni-valbonesi/@@images/faf8f0b5-e078-4310-9f19-8f71719228e5.jpeg		2022-05-17T07:27:36+00:00	Complesso San Paolo	sabato 28 maggio e sabato 11 giugno dalle ore 10 alle 12.30 		Iscrizione su prenotazione, è richiesto un contributo di 3€ a partecipante.   			Laboratori artistici in occasione della mostra dedicata a Gianni Valbonesi			False		https://www.comune.modena.it/novita/eventi/2022/copy_of_laboratori-artistici-in-occasione-della-mostra-dedicata-a-gianni-valbonesi	44.64582	10.92572
Mostre	Modena	via Emilia Centro angolo Piazza Matteotti	2022-05-13T10:01:30+00:00		2022-05-13T10:03:13+00:00		2022-05-28T09:00:00+00:00	2022-06-05T10:00:00+00:00	https://www.comune.modena.it/api/novita/eventi/2022/mostra-di-ricamo-e-merletto-da-ieri-a-oggi-la-tradizione-continua/@@images/fecdcb1a-b768-40a7-8809-d18fd2116bab.jpeg		2022-05-13T10:03:32+00:00	Chiesa S.Giovanni Battista	dal lunedì al venerdì ore 10-19 					"Mostra di ricamo e merletto ""Da ieri a oggi.....la tradizione continua"""			False		https://www.comune.modena.it/novita/eventi/2022/mostra-di-ricamo-e-merletto-da-ieri-a-oggi-la-tradizione-continua	44.64582	10.92572
Visite guidate	Modena	ritrovo presso la biglietteria della Torre, piazza Torre	2022-02-25T14:15:15+00:00	Torre Ghirlandina, visite guidate a tema	2022-02-25T14:15:33+00:00		2022-05-28T13:00:00+00:00	2022-05-28T14:00:00+00:00	https://www.comune.modena.it/api/novita/eventi/2022/dai-comacini-ai-maestri-campionesi/@@images/d5218bc2-dc59-43df-b1a3-4f32b072e82f.jpeg	Torre Ghirlandina	2022-02-28T15:10:52+00:00	Torre Ghirlandina	ore 19.00 					Dai Comacini ai Maestri Campionesi			False		https://www.comune.modena.it/novita/eventi/2022/dai-comacini-ai-maestri-campionesi	44.64582	10.92572
Visite guidate	Modena	Piazza Grande	2022-03-23T16:26:44+00:00		2022-03-23T16:26:51+00:00		2022-03-19T16:00:00+00:00	2022-05-28T16:00:00+00:00	https://www.comune.modena.it/api/novita/eventi/2022/free-walking-tour-visite-guidate-del-centro-storico-di-modena/@@images/26b88750-ac47-44ab-bc5c-66df7933f860.jpeg		2022-03-23T16:27:28+00:00	Ritrovo e partenza: Piazza Grande, Pietra Ringadora	Tutti i sabati dal 19 marzo al 28 maggio alle ore 15.30 					Free Walking Tour - Visite guidate del centro storico di Modena			False		https://www.comune.modena.it/novita/eventi/2022/free-walking-tour-visite-guidate-del-centro-storico-di-modena	44.64582	10.92572
Concerti,Musica	Modena	Largo S.Francesco	2022-05-10T10:04:48+00:00	Diciottesima edizione	2022-05-10T10:08:30+00:00		2022-05-29T10:00:00+00:00	2022-05-29T11:00:00+00:00	https://www.comune.modena.it/api/novita/eventi/2022/concerto-rosa-mistica/@@images/5d666bc9-d035-4acb-9903-21fd8e9003bf.jpeg		2022-05-10T10:13:42+00:00	Chiesa di San Francesco	ore 16.00 		Ingresso libero 			"Concerto ""Rosa mistica"""			False		https://www.comune.modena.it/novita/eventi/2022/concerto-rosa-mistica	44.64582	10.92572
Spettacoli,Teatro	Modena	Viale Caduti in Guerra, 196	2020-09-17T12:45:54+00:00	Gli spettacoli di ERT al Teatro Tempio	2014-09-30T12:50:00+00:00	info@emiliaromagnateatro.com	2022-05-30T22:00:00+00:00	2022-06-12T21:55:00+00:00	https://www.comune.modena.it/api/novita/eventi/2022/kassandra/@@images/29f75f21-a9f0-45e8-8056-8023ce88a666.jpeg		2022-03-15T11:11:12+00:00	Teatro Tempio	31 maggio e 19.00 		A pagamento, vedi nel testo le info per l'acquisto dei biglietti. 		059/2163021	Kassandra		http://www.emiliaromagnateatro.com	False		https://www.comune.modena.it/novita/eventi/2022/kassandra	44.64381951149482	10.93139345085676
Musica,Spettacoli,Teatro	Modena	Corso Canalgrande, 85	2021-10-04T15:31:48+00:00	Spettacolo conclusivo dei corsi di Alta Formazione per cantanti lirici 	2021-10-04T15:31:55+00:00	info@teatrocomunalemodena.it	2022-05-31T15:00:00+00:00	2022-05-31T16:00:00+00:00	https://www.comune.modena.it/api/novita/eventi/2022/dolceamaro/@@images/2429e532-09b0-41e8-9f85-aa4a21287d10.jpeg		2022-03-22T10:17:19+00:00	Teatro comunale Pavarotti-Freni	ore 21.00 		gratuito 		059 2033010	DolceAmaro		https://teatrocomunalemodena.it/	False		https://www.comune.modena.it/novita/eventi/2022/dolceamaro	44.64582	10.92572
Spettacoli,Concerti,Musica	Modena	Corso Canalgrande, 85	2021-10-04T15:31:48+00:00	"Rassegna ""L'altro suono festival"" del Teatro comunale Pavarotti-Freni"	2021-10-04T15:31:55+00:00	info@teatrocomunalemodena.it	2022-06-01T15:00:00+00:00	2022-06-01T16:00:00+00:00	https://www.comune.modena.it/api/novita/eventi/2022/vinicio-capossela/@@images/9059bf61-ac70-4134-8ced-4386f5e54ad3.jpeg		2022-05-04T10:45:34+00:00	Teatro comunale Pavarotti-Freni	ore 21.00 				059 2033010	Vinicio Capossela		https://teatrocomunalemodena.it/	False		https://www.comune.modena.it/novita/eventi/2022/vinicio-capossela	44.64582	10.92572
Iniziative per bambini,Manifestazioni sportive	Modena	Strada Pomposiana n. 255/A - Loc. Marzaglia	2022-05-11T07:00:46+00:00		2022-05-11T07:01:08+00:00		2022-06-02T06:00:00+00:00	2022-06-02T07:00:00+00:00	https://www.comune.modena.it/api/novita/eventi/2022/go-kart-go/@@images/ae9c72c5-09fb-4387-a0c6-e72a157b01d6.jpeg		2022-05-11T07:01:08+00:00	Autodromo di Modena	dalle ore 9 alle 13 e dalle 14 alle 18 					Go Kart, go!			False		https://www.comune.modena.it/novita/eventi/2022/go-kart-go	44.64582	10.92572
Fiere, Esposizioni e Mostre Mercato	Modena	Piazza Matteotti	2021-08-25T12:27:55+00:00		2021-08-25T12:28:08+00:00		2022-06-02T12:00:00+00:00	2022-06-05T13:00:00+00:00	https://www.comune.modena.it/api/novita/eventi/2022/mercato-europeo/@@images/95eee6fe-2dc5-49a1-8611-3f5329c0af16.jpeg	Immagine di una precedente edizione del mercato	2022-05-21T08:42:42+00:00	Piazza Matteotti, Via Emilia Centro, Largo Porta Bologna	Dalle 9.00 alle 23.00 					Mercato europeo		http://www.mercatieuropei.com	False	41121	https://www.comune.modena.it/novita/eventi/2022/mercato-europeo	44.647524762696584	10.925428060260353
Altri eventi,Manifestazioni sportive	Modena	Zona tribune	2022-05-11T07:50:51+00:00		2022-05-11T07:51:19+00:00		2022-06-03T07:00:00+00:00	2022-06-03T08:00:00+00:00	https://www.comune.modena.it/api/novita/eventi/2022/run-5.30/@@images/24b6a680-9979-4ba1-8fe1-9af5096da63e.jpeg	Immagine presa dal sito della Run 5.30 Modena	2022-05-11T07:51:19+00:00	Parco Novi Sad	ore 5.30 					Run 5.30			False		https://www.comune.modena.it/novita/eventi/2022/run-5.30	44.64582	10.92572
Mostre	Modena	Corso Cavour, angolo corso Canalgrnde	2021-09-09T10:12:02+00:00		2021-09-09T10:12:26+00:00	info@fmav.org	2022-06-08T10:00:00+00:00	2022-09-18T11:00:00+00:00	https://www.comune.modena.it/api/novita/eventi/2022/candice-breitz-never-ending-stories/@@images/d5ebf4a4-66cb-44cb-9e8c-79f9fcfc72ea.jpeg		2022-05-21T09:18:35+00:00	FMAV - Palazzina dei Giardini	dal mercoledì alla domenica dalle 15 alle 19  		Ingresso 6 € / riduzioni 4 € (Circuito Vivaticket) Ingresso libero: ogni mercoledì  		059 2033166	Candice Breitz: Never Ending Stories		https://www.fmav.org	False	41121	https://www.comune.modena.it/novita/eventi/2022/candice-breitz-never-ending-stories	44.64582	10.92572
Altri eventi,Iniziative per bambini	Modena	via Selmi, 63	2022-05-17T07:24:22+00:00		2022-05-17T07:25:56+00:00		2022-06-10T07:00:00+00:00	2022-06-10T08:00:00+00:00	https://www.comune.modena.it/api/novita/eventi/2022/laboratori-artistici-in-occasione-della-mostra-dedicata-a-gianni-valbonesi/@@images/c62a264a-bdfb-469d-85eb-8d034a4afbbc.jpeg		2022-05-17T07:25:56+00:00	Complesso San Paolo	dalle ore 17 alle 18.30 		Iscrizione su prenotazione, è richiesto un contributo di 3€ a partecipante.   			Laboratori artistici in occasione della mostra dedicata a Gianni Valbonesi			False		https://www.comune.modena.it/novita/eventi/2022/laboratori-artistici-in-occasione-della-mostra-dedicata-a-gianni-valbonesi	44.64582	10.92572
Altri eventi,Fiere, Esposizioni e Mostre Mercato	Modena	Centro storico	2022-05-21T10:32:36+00:00		2022-05-21T10:32:42+00:00		2022-06-11T10:00:00+00:00	2022-06-12T11:00:00+00:00	https://www.comune.modena.it/api/novita/eventi/2022/nocinopoli-la-citta-del-nocino/@@images/0c419aa8-b36d-411f-ae54-b60ae09f6bd7.jpeg		2022-05-21T10:36:00+00:00	Piazza Matteotti	sabato dalle ore 10.30 alle 21 					Nocinopoli - La città del nocino			False		https://www.comune.modena.it/novita/eventi/2022/nocinopoli-la-citta-del-nocino	44.64582	10.92572
Mercati	Modena	parco Novi Sad (ex - Piazza d'Armi)	2019-12-10T09:34:45+00:00	Mercato di ambulanti che propongono prodotti sia alimentari che extralimentari	2021-10-09T08:00:00		2022-06-11T22:00:00+00:00	2022-06-12T21:55:00+00:00	https://www.comune.modena.it/api/novita/eventi/2022/copy4_of_fatto-in-italia/@@images/b8f32f6a-f0bd-4736-bb21-b49871c73eec.jpeg		2022-04-07T09:39:39+00:00		dalle 7.00 alle 14.30 					Fatto in Italia		http://www.consorzioilmercato.it/	False		https://www.comune.modena.it/novita/eventi/2022/copy4_of_fatto-in-italia	44.65137034620577	10.921029194828652
Mercati,Iniziative per bambini	Modena	via Don Pasquino Fiorenzi, 134	2021-08-06T11:34:26+00:00		2021-08-06T11:36:33+00:00		2022-06-12T11:00:00+00:00	2022-06-12T12:00:00+00:00	https://www.comune.modena.it/api/novita/eventi/2022/copy4_of_mercatino-della-polisportiva-madonnina/@@images/7fbd75c5-a620-4574-9c40-f012be16941a.jpeg	logo del mercatino	2022-02-08T10:09:23+00:00	Polisportiva Madonnina	dalle ore 9 alle 13 				340 2607164 Luisa	Mercatino della Polisportiva Madonnina		https://www.facebook.com/mercatinopolisportivamadonnina/	False		https://www.comune.modena.it/novita/eventi/2022/copy4_of_mercatino-della-polisportiva-madonnina	44.64582	10.92572
Altri eventi	Modena	Centro storico	2022-05-06T09:12:13+00:00		2022-05-06T09:12:25+00:00		2022-06-16T09:00:00+00:00	2022-06-16T10:00:00+00:00	https://www.comune.modena.it/api/novita/eventi/2022/rosse-e-non-solo-di-sera/@@images/9d3d995c-a7e0-4621-9ce7-58d692875e1c.jpeg		2022-05-06T09:12:25+00:00	Piazza Roma	Dalle ore 18.30 alle 24.00 					Rosse e non solo di sera			False		https://www.comune.modena.it/novita/eventi/2022/rosse-e-non-solo-di-sera	44.64582	10.92572
Spettacoli,Teatro	Modena	Piazza della Cittadella, 11	2022-03-19T09:15:00+00:00	Commedia brillante	2022-03-19T09:19:36+00:00		2022-06-17T08:00:00+00:00	2022-06-19T09:00:00+00:00	https://www.comune.modena.it/api/novita/eventi/2022/il-penitenziere/@@images/0f3e995d-acc4-4d2c-b85c-a01d54e19020.jpeg		2022-03-19T09:32:45+00:00	Teatro Cittadella	Venerdì 17 e Sabato 18 giugno ore 17  		Prenotazioni al 338.2434005 oppure e-mail a: compagnia.andreaferrari@gmail.com Ingresso unico € 10,00 			Il Penitenziere			False		https://www.comune.modena.it/novita/eventi/2022/il-penitenziere	44.64582	10.92572
Mercati	Modena	parco Novi Sad (ex - Piazza d'Armi)	2019-12-10T09:34:45+00:00	Bancarelle di ambulanti che propongono prodotti sia alimentari che extralimentari	2010-11-03T10:00:00		2022-06-18T22:00:00+00:00	2022-06-19T21:55:00+00:00	https://www.comune.modena.it/api/novita/eventi/2022/copy15_of_mercato-straordinario-degli-ambulanti/@@images/856dda7b-b783-4f0a-b0a3-a4e50c9ea91b.jpeg		2022-05-10T08:23:02+00:00		dalle ore 8.00 alle 14.00 					Mercato straordinario degli ambulanti		http://www.consorzioilmercato.it/	False		https://www.comune.modena.it/novita/eventi/2022/copy15_of_mercato-straordinario-degli-ambulanti	44.65137034620577	10.921029194828652
Visite guidate,Iniziative per bambini	Modena	Via Canaletto Sud, 17/A	2022-03-31T08:53:45+00:00	Visita guidata al museolaboratorio per adulti e bambini dai 3 anni in su	2022-03-31T08:55:39+00:00		2022-06-19T08:00:00+00:00	2022-06-19T09:00:00+00:00	https://www.comune.modena.it/api/novita/eventi/2022/copy2_of_quale-percussione-museolaboratorio/@@images/d596fabd-4e8d-410e-b649-5ff01fc72d71.jpeg		2022-03-31T08:57:09+00:00	Museolaboratorio Quale percussione? presso Condominio ErreNord	La visita si svolge nei seguenti orari a scelta: dalle 15 alle 16.30 oppure dalle 17 alle 18.30   					Quale percussione? - Museolaboratorio			False		https://www.comune.modena.it/novita/eventi/2022/copy2_of_quale-percussione-museolaboratorio	44.64582	10.92572
Spettacoli,Teatro	Modena	Piazza della Cittadella, 11	2022-03-19T09:15:00+00:00	Spettacolo teatrale	2022-03-19T09:19:36+00:00		2022-06-25T08:00:00+00:00	2022-06-25T09:00:00+00:00	https://www.comune.modena.it/api/novita/eventi/2022/luomo-dal-fiore-in-bocca/@@images/45e6dab9-6388-4246-9a70-62f43619a8ea.jpeg		2022-03-19T09:28:51+00:00	Teatro Cittadella	ore 21 		Prenotazioni al 338.2434005 oppure e-mail a: compagnia.andreaferrari@gmail.com Ingresso unico € 10,00 			L'uomo dal fiore in bocca			False		https://www.comune.modena.it/novita/eventi/2022/luomo-dal-fiore-in-bocca	44.64582	10.92572
Visite guidate	Modena	ritrovo presso la biglietteria della Torre, piazza Torre	2022-02-25T14:15:15+00:00	Torre Ghirlandina, visite guidate a tema	2022-02-25T14:15:33+00:00		2022-06-25T13:00:00+00:00	2022-06-25T14:00:00+00:00	https://www.comune.modena.it/api/novita/eventi/2022/la-pendenza-della-ghirlandina-tra-passato-e-presente/@@images/146dc964-6d6d-40d4-9297-562ff9a981d1.jpeg	Torre Ghirlandina	2022-02-28T15:13:23+00:00	Torre Ghirlandina	ore 19.00 					La pendenza della Ghirlandina tra passato e presente			False		https://www.comune.modena.it/novita/eventi/2022/la-pendenza-della-ghirlandina-tra-passato-e-presente	44.64582	10.92572
Fiere, Esposizioni e Mostre Mercato,Mercati	Modena	Centro storico	2021-06-10T16:47:55+00:00	Manifestazione di antiquariato 	2021-06-10T16:48:45+00:00	anticoinpiazzagrande@gmail.com	2022-06-25T16:00:00+00:00	2022-06-26T17:00:00+00:00	https://www.comune.modena.it/api/novita/eventi/2022/copy9_of_lantico-in-piazza-grande/@@images/8020db9a-8111-42d3-8b00-6e0ed882ce5e.jpeg	Immagine presa dal sito della manifestazione L'antico in Piazza Grande	2022-05-06T10:18:45+00:00	Piazza Grande, Corso Duomo, Piazza Torre, Piazza XX Settembre	dalle ore 9.00 				340 6059686 oppure 338 2098995	L'antico in Piazza Grande		https://www.anticoinpiazzagrande.com/	False		https://www.comune.modena.it/novita/eventi/2022/copy9_of_lantico-in-piazza-grande	44.64582	10.92572
Mercati	Modena	parco Novi Sad (ex - Piazza d'Armi)	2019-12-10T09:34:45+00:00	Bancarelle di ambulanti che propongono prodotti sia alimentari che extralimentari	2010-11-03T10:00:00		2022-07-16T22:00:00+00:00	2022-07-17T21:55:00+00:00	https://www.comune.modena.it/api/novita/eventi/2022/copy16_of_mercato-straordinario-degli-ambulanti/@@images/4c8dcfd3-0d26-4d2d-b808-8ca772fa748f.jpeg		2022-05-10T08:24:06+00:00		dalle ore 8.00 alle 14.00 					Mercato straordinario degli ambulanti		http://www.consorzioilmercato.it/	False		https://www.comune.modena.it/novita/eventi/2022/copy16_of_mercato-straordinario-degli-ambulanti	44.65137034620577	10.921029194828652
Mercati	Modena	parco Novi Sad (ex - Piazza d'Armi)	2019-12-10T09:34:45+00:00	Bancarelle di ambulanti che propongono prodotti sia alimentari che extralimentari	2010-11-03T10:00:00		2022-08-20T22:00:00+00:00	2022-08-21T21:55:00+00:00	https://www.comune.modena.it/api/novita/eventi/2022/copy17_of_mercato-straordinario-degli-ambulanti/@@images/0dc1bec3-7921-4d86-90bb-66d72dad6173.jpeg		2022-05-10T08:26:10+00:00		dalle ore 8.00 alle 14.00 					Mercato straordinario degli ambulanti		http://www.consorzioilmercato.it/	False		https://www.comune.modena.it/novita/eventi/2022/copy17_of_mercato-straordinario-degli-ambulanti	44.65137034620577	10.921029194828652
Fiere, Esposizioni e Mostre Mercato,Mercati	Modena	Via Sant'Eufemia e Via Carteria	2022-04-07T09:03:31+00:00		2022-04-07T09:06:38+00:00	traborghiecontrade@libero.it	2022-09-17T08:00:00+00:00	2022-09-18T09:00:00+00:00	https://www.comune.modena.it/api/novita/eventi/2022/copy2_of_mercatino-artigianato-artistico-tra-borghi-e-contrade/@@images/2a3356d9-21c8-424c-b3e6-b8a8a93a1725.jpeg		2022-04-07T09:10:43+00:00	Centro storico - Borgo Sant'Eufemia e Contrada Carteria	ore 9.00 				333/9103351	"Mercatino artigianato artistico ""Tra borghi e contrade"""		https://www.facebook.com/TraBorghieContrade	False		https://www.comune.modena.it/novita/eventi/2022/copy2_of_mercatino-artigianato-artistico-tra-borghi-e-contrade	44.64582	10.92572
Mercati	Modena	parco Novi Sad (ex - Piazza d'Armi)	2019-12-10T09:34:45+00:00	Bancarelle di ambulanti che propongono prodotti sia alimentari che extralimentari	2010-11-03T10:00:00		2022-09-17T22:00:00+00:00	2022-09-18T21:55:00+00:00	https://www.comune.modena.it/api/novita/eventi/2022/copy18_of_mercato-straordinario-degli-ambulanti/@@images/45738906-5f84-43cd-9f29-05f592db26cc.jpeg		2022-05-10T08:26:55+00:00		dalle ore 8.00 alle 14.00 					Mercato straordinario degli ambulanti		http://www.consorzioilmercato.it/	False		https://www.comune.modena.it/novita/eventi/2022/copy18_of_mercato-straordinario-degli-ambulanti	44.65137034620577	10.921029194828652
Mercati	Modena	parco Novi Sad (ex - Piazza d'Armi)	2019-12-10T09:34:45+00:00	Bancarelle di ambulanti che propongono prodotti sia alimentari che extralimentari	2010-11-03T10:00:00		2022-10-15T22:00:00+00:00	2022-10-16T21:55:00+00:00	https://www.comune.modena.it/api/novita/eventi/2022/copy19_of_mercato-straordinario-degli-ambulanti/@@images/3d77bfdf-b2a2-4126-b1e5-4ed073129898.jpeg		2022-05-10T08:27:35+00:00		dalle ore 8.00 alle 14.00 					Mercato straordinario degli ambulanti		http://www.consorzioilmercato.it/	False		https://www.comune.modena.it/novita/eventi/2022/copy19_of_mercato-straordinario-degli-ambulanti	44.65137034620577	10.921029194828652
Mercati	Modena	parco Novi Sad (ex - Piazza d'Armi)	2019-12-10T09:34:45+00:00	Bancarelle di ambulanti che propongono prodotti sia alimentari che extralimentari	2010-11-03T10:00:00		2022-11-19T23:00:00+00:00	2022-11-20T22:55:00+00:00	https://www.comune.modena.it/api/novita/eventi/2022/copy20_of_mercato-straordinario-degli-ambulanti/@@images/585b45ab-f03a-4650-91cb-e9f754e22d94.jpeg		2022-05-10T08:28:15+00:00		dalle ore 8.00 alle 14.00 					Mercato straordinario degli ambulanti		http://www.consorzioilmercato.it/	False		https://www.comune.modena.it/novita/eventi/2022/copy20_of_mercato-straordinario-degli-ambulanti	44.65137034620577	10.921029194828652
